{"cameraMode":{"drawMode":0,"name":"Shaded","section":"Shading Mode"},"sceneLighting":false,"audioPlay":false,"sceneViewState":{"showFog":true,"showMaterialUpdate":false,"showSkybox":false,"showFlares":true,"showImageEffects":true,"showParticleSystems":true},"in2DMode":false,"pivot":{"x":25.020000457763673,"y":0.9499999284744263,"z":11.670000076293946},"rotation":{"x":0.05115663632750511,"y":0.8901140093803406,"z":-0.10327231884002686,"w":0.44092506170272829},"size":3.414663553237915,"orthographic":false}